Date,Price
2022-05-25 00:00:00 UTC,0.0002002219022238966
2022-05-26 00:00:00 UTC,0.0002002219022238966
2022-05-27 00:00:00 UTC,0.00018110937099363026
2022-05-28 00:00:00 UTC,0.00020191117081138282
2022-05-29 00:00:00 UTC,0.0002017900268829988
2022-05-30 00:00:00 UTC,0.00017316337659944672
2022-05-31 00:00:00 UTC,0.00018908443410710807
2022-06-01 00:00:00 UTC,0.00018859818515215595
2022-06-02 00:00:00 UTC,0.0001840236139698408
2022-06-03 00:00:00 UTC,0.0004002476378226652
2022-06-04 00:00:00 UTC,0.000589899688517051
2022-06-05 00:00:00 UTC,0.0005572960860447138
2022-06-06 00:00:00 UTC,0.000499830135291257
2022-06-07 00:00:00 UTC,0.0003999812038610339
2022-06-08 00:00:00 UTC,0.00044047871104757987
2022-06-09 00:00:00 UTC,0.0004995499498611726
2022-06-10 00:00:00 UTC,0.0005583559843026899
2022-06-11 00:00:00 UTC,0.0004912128130476121
2022-06-12 00:00:00 UTC,0.0004838069323326232
2022-06-13 00:00:00 UTC,0.0004328992932682846
2022-06-14 00:00:00 UTC,0.0003880333545844682
2022-06-15 00:00:00 UTC,0.00031350300377127363
2022-06-16 00:00:00 UTC,0.0003901544702674084
2022-06-17 00:00:00 UTC,0.0004205503238476964
2022-06-18 00:00:00 UTC,0.0003568296258658761
2022-06-19 00:00:00 UTC,0.00034035368592737127
2022-06-20 00:00:00 UTC,0.0003167372702983396
2022-06-21 00:00:00 UTC,0.00037156001047740784
2022-06-22 00:00:00 UTC,0.00044807856585023226
2022-06-23 00:00:00 UTC,0.0003654415714857687
2022-06-24 00:00:00 UTC,0.00037253983942233667
2022-06-25 00:00:00 UTC,0.00038356067583839726
2022-06-26 00:00:00 UTC,0.00035201833609748524
2022-06-27 00:00:00 UTC,0.00036761719823655585
2022-06-28 00:00:00 UTC,0.0003542852710798399
2022-06-29 00:00:00 UTC,0.00035467783837419447
2022-06-30 00:00:00 UTC,0.0004145944450084407
2022-07-01 00:00:00 UTC,0.00033191872918206933
2022-07-02 00:00:00 UTC,0.0003349440063076582
2022-07-03 00:00:00 UTC,0.0003076663660937021
2022-07-04 00:00:00 UTC,0.00030007044472401374
2022-07-05 00:00:00 UTC,0.0002865038406726554
2022-07-06 00:00:00 UTC,0.0002692923243747101
2022-07-07 00:00:00 UTC,0.0002800985485505663
2022-07-08 00:00:00 UTC,0.00027493175897645743
2022-07-09 00:00:00 UTC,0.00024891780053297213
2022-07-10 00:00:00 UTC,0.00023572591899257678
2022-07-11 00:00:00 UTC,0.0002398766597109393
2022-07-12 00:00:00 UTC,0.0002397215223712747
2022-07-13 00:00:00 UTC,0.00024459137735882773
2022-07-14 00:00:00 UTC,0.0002310398989469453
2022-07-15 00:00:00 UTC,0.0002439041433362167
2022-07-16 00:00:00 UTC,0.0002505323237516459
2022-07-17 00:00:00 UTC,0.0002331360353125798
2022-07-18 00:00:00 UTC,0.00024351851406600403
2022-07-19 00:00:00 UTC,0.00024221992203884464
2022-07-20 00:00:00 UTC,0.00022115604326868214
2022-07-21 00:00:00 UTC,0.0002096050755518065
2022-07-22 00:00:00 UTC,0.00021083070702138313
2022-07-23 00:00:00 UTC,0.0002350719188267578
2022-07-24 00:00:00 UTC,0.00022170574708528523
2022-07-25 00:00:00 UTC,0.00023897290423587913
2022-07-26 00:00:00 UTC,0.00023004628932069853
2022-07-27 00:00:00 UTC,0.00026128446332905766
2022-07-28 00:00:00 UTC,0.0002843195074133619
2022-07-29 00:00:00 UTC,0.00039660123513902436
2022-07-30 00:00:00 UTC,0.00045650394084405737
2022-07-31 00:00:00 UTC,0.0006899963311744451
2022-08-01 00:00:00 UTC,0.0008709462898793457
2022-08-02 00:00:00 UTC,0.0007197703679400579
2022-08-03 00:00:00 UTC,0.0007999214845874442
2022-08-04 00:00:00 UTC,0.0007043848893055618
2022-08-05 00:00:00 UTC,0.0006144172282535888
2022-08-06 00:00:00 UTC,0.0006945969420048782
2022-08-07 00:00:00 UTC,0.000610944696985824
2022-08-08 00:00:00 UTC,0.0006007104688687492
2022-08-09 00:00:00 UTC,0.0006740151323865252
2022-08-10 00:00:00 UTC,0.0006508056637812268
2022-08-11 00:00:00 UTC,0.0007095620453743129
2022-08-12 00:00:00 UTC,0.0007602524356540927
2022-08-13 00:00:00 UTC,0.0008996120309719516
2022-08-14 00:00:00 UTC,0.0011441502847770984
2022-08-15 00:00:00 UTC,0.001305461701087299
2022-08-16 00:00:00 UTC,0.0013803208675202182
2022-08-17 00:00:00 UTC,0.0024283909912791862
2022-08-18 00:00:00 UTC,0.0029988290665455184
2022-08-19 00:00:00 UTC,0.003206283329367993
2022-08-20 00:00:00 UTC,0.0024123437860548713
2022-08-21 00:00:00 UTC,0.002198127573207499
2022-08-22 00:00:00 UTC,0.002509853461345147
2022-08-23 00:00:00 UTC,0.0024169846097329903
2022-08-24 00:00:00 UTC,0.0029031392470491835
2022-08-25 00:00:00 UTC,0.0035802532525805015
2022-08-26 00:00:00 UTC,0.0031321162330572093
2022-08-27 00:00:00 UTC,0.0025475339474891256
2022-08-28 00:00:00 UTC,0.0027407028409950373
2022-08-29 00:00:00 UTC,0.00232690270466718
2022-08-30 00:00:00 UTC,0.0025910506488411047
2022-08-31 00:00:00 UTC,0.0029112367420327558
2022-09-01 00:00:00 UTC,0.0026978386457034197
2022-09-02 00:00:00 UTC,0.0029354578445755296
2022-09-03 00:00:00 UTC,0.002736981242923174
2022-09-04 00:00:00 UTC,0.002681306546803155
2022-09-05 00:00:00 UTC,0.0028138328654372033
2022-09-06 00:00:00 UTC,0.002737980380328549
2022-09-07 00:00:00 UTC,0.002800157523703367
2022-09-08 00:00:00 UTC,0.0034552296072282306
2022-09-09 00:00:00 UTC,0.004197867698798502
2022-09-10 00:00:00 UTC,0.004807053860883112
2022-09-11 00:00:00 UTC,0.004600307797418891
2022-09-12 00:00:00 UTC,0.0044389722538880445
2022-09-13 00:00:00 UTC,0.00404594815589712
2022-09-14 00:00:00 UTC,0.003906832865561091
2022-09-15 00:00:00 UTC,0.00428937841024766
2022-09-16 00:00:00 UTC,0.0037502608414158264
2022-09-17 00:00:00 UTC,0.004196724127862294
2022-09-18 00:00:00 UTC,0.0048999729984515236
2022-09-19 00:00:00 UTC,0.004699211710272025
2022-09-20 00:00:00 UTC,0.004299149927315486
2022-09-21 00:00:00 UTC,0.004454153005176952
2022-09-22 00:00:00 UTC,0.00444540880441576
2022-09-23 00:00:00 UTC,0.00447570261503435
2022-09-24 00:00:00 UTC,0.004153791938752593
2022-09-25 00:00:00 UTC,0.003897503237569516
2022-09-26 00:00:00 UTC,0.0038725043407730124
2022-09-27 00:00:00 UTC,0.004718938028600247
2022-09-28 00:00:00 UTC,0.003987032108972597
2022-09-29 00:00:00 UTC,0.003794052686953095
2022-09-30 00:00:00 UTC,0.0029772114193647153
2022-10-01 00:00:00 UTC,0.0032941401825571127
2022-10-02 00:00:00 UTC,0.003217463513754435
2022-10-03 00:00:00 UTC,0.002881528887333417
2022-10-04 00:00:00 UTC,0.0024884044366398684
2022-10-05 00:00:00 UTC,0.0022583056204830724
2022-10-06 00:00:00 UTC,0.0023838849037373768
2022-10-07 00:00:00 UTC,0.002347970817580029
2022-10-08 00:00:00 UTC,0.002416734299250676
2022-10-09 00:00:00 UTC,0.002517896134388299
2022-10-10 00:00:00 UTC,0.002786341450504565
2022-10-11 00:00:00 UTC,0.002531488794090725
2022-10-12 00:00:00 UTC,0.002474419516006635
2022-10-13 00:00:00 UTC,0.0021902474093059452
2022-10-14 00:00:00 UTC,0.002186469182725175
2022-10-15 00:00:00 UTC,0.0022305379273901793
2022-10-16 00:00:00 UTC,0.00212050691219733
2022-10-17 00:00:00 UTC,0.002291214153555751
2022-10-18 00:00:00 UTC,0.0020992695076735603
2022-10-19 00:00:00 UTC,0.0019893975304355045
2022-10-20 00:00:00 UTC,0.0018203175883989133
2022-10-21 00:00:00 UTC,0.0016220831538436955
2022-10-22 00:00:00 UTC,0.0017158737903364906
2022-10-23 00:00:00 UTC,0.0015863622920684593
2022-10-24 00:00:00 UTC,0.001769599320203751
2022-10-25 00:00:00 UTC,0.001746916977850339
2022-10-26 00:00:00 UTC,0.0017681473767356532
2022-10-27 00:00:00 UTC,0.002023237500429763
2022-10-28 00:00:00 UTC,0.001898702297589975
2022-10-29 00:00:00 UTC,0.0018796523658654524
2022-10-30 00:00:00 UTC,0.0019006740601959908
2022-10-31 00:00:00 UTC,0.0018613832677724246
2022-11-01 00:00:00 UTC,0.0019789163776077765
2022-11-02 00:00:00 UTC,0.002701519964601092
2022-11-03 00:00:00 UTC,0.002796356660272431
2022-11-04 00:00:00 UTC,0.003228219772891906
2022-11-05 00:00:00 UTC,0.003996269118800719
2022-11-06 00:00:00 UTC,0.003964650135683505
2022-11-07 00:00:00 UTC,0.00420086095724189
2022-11-08 00:00:00 UTC,0.003943938512645567
2022-11-09 00:00:00 UTC,0.003991771669974859
2022-11-10 00:00:00 UTC,0.00356669711623607
2022-11-11 00:00:00 UTC,0.004389712909944791
2022-11-12 00:00:00 UTC,0.004297684578307581
2022-11-13 00:00:00 UTC,0.004095443892137729
2022-11-14 00:00:00 UTC,0.005005759012379803
2022-11-15 00:00:00 UTC,0.006551400642069086
2022-11-16 00:00:00 UTC,0.005783167072302967
2022-11-17 00:00:00 UTC,0.006464237008014309
2022-11-18 00:00:00 UTC,0.0063990885829192995
2022-11-19 00:00:00 UTC,0.006281646500805165
2022-11-20 00:00:00 UTC,0.0068028018433102765
2022-11-21 00:00:00 UTC,0.00781209041044924
2022-11-22 00:00:00 UTC,0.006702318137059826
2022-11-23 00:00:00 UTC,0.00739756627616395
2022-11-24 00:00:00 UTC,0.007264724067035011
2022-11-25 00:00:00 UTC,0.007803658460159312
2022-11-26 00:00:00 UTC,0.008964185782898567
2022-11-27 00:00:00 UTC,0.008976227564661543
2022-11-28 00:00:00 UTC,0.009473553363539838
2022-11-29 00:00:00 UTC,0.008869749020630814
2022-11-30 00:00:00 UTC,0.009001462155370373
2022-12-01 00:00:00 UTC,0.008729420163974076
2022-12-02 00:00:00 UTC,0.008327323963170674
2022-12-03 00:00:00 UTC,0.007503683813480006
2022-12-04 00:00:00 UTC,0.006602886973476523
2022-12-05 00:00:00 UTC,0.007293059405078203
2022-12-06 00:00:00 UTC,0.008298262784995063
2022-12-07 00:00:00 UTC,0.007714444356011047
2022-12-08 00:00:00 UTC,0.007502144024684726
2022-12-09 00:00:00 UTC,0.007320885076122166
2022-12-10 00:00:00 UTC,0.0073326594675481895
2022-12-11 00:00:00 UTC,0.007207606963230102
2022-12-12 00:00:00 UTC,0.007067897518519824
2022-12-13 00:00:00 UTC,0.006975484348947306
2022-12-14 00:00:00 UTC,0.006316216160410814
2022-12-15 00:00:00 UTC,0.006082781664178896
2022-12-16 00:00:00 UTC,0.005871858980595699
2022-12-17 00:00:00 UTC,0.005313588563673639
2022-12-18 00:00:00 UTC,0.006100693966338213
2022-12-19 00:00:00 UTC,0.0056509727348491665
2022-12-20 00:00:00 UTC,0.005416455185781292
2022-12-21 00:00:00 UTC,0.005190865825125088
2022-12-22 00:00:00 UTC,0.005630725736145121
2022-12-23 00:00:00 UTC,0.005778438533528606
2022-12-24 00:00:00 UTC,0.00529378145599295
2022-12-25 00:00:00 UTC,0.005284042174587446
2022-12-26 00:00:00 UTC,0.005351701167345806
2022-12-27 00:00:00 UTC,0.005096817615303824
2022-12-28 00:00:00 UTC,0.004908631979815043
2022-12-29 00:00:00 UTC,0.004781289462670297
2022-12-30 00:00:00 UTC,0.004630839649016875
2022-12-31 00:00:00 UTC,0.005058350109271157
2023-01-01 00:00:00 UTC,0.005393330593446633
2023-01-02 00:00:00 UTC,0.005240643400206961
2023-01-03 00:00:00 UTC,0.00519818425652742
2023-01-04 00:00:00 UTC,0.004999703767930807
2023-01-05 00:00:00 UTC,0.0051149393008455835
2023-01-06 00:00:00 UTC,0.004600939504809476
2023-01-07 00:00:00 UTC,0.004533107259288545
2023-01-08 00:00:00 UTC,0.0044636486455923085
2023-01-09 00:00:00 UTC,0.004880027154766578
2023-01-10 00:00:00 UTC,0.00491327380313061
2023-01-11 00:00:00 UTC,0.004667605763251315
2023-01-12 00:00:00 UTC,0.00500013131928897
2023-01-13 00:00:00 UTC,0.005550605179549746
2023-01-14 00:00:00 UTC,0.006159882933402303
2023-01-15 00:00:00 UTC,0.006299871255498541
2023-01-16 00:00:00 UTC,0.0061019492558458
2023-01-17 00:00:00 UTC,0.006601933715514286
2023-01-18 00:00:00 UTC,0.00656130779862721
2023-01-19 00:00:00 UTC,0.006056395427033307
2023-01-20 00:00:00 UTC,0.006171236922245033
2023-01-21 00:00:00 UTC,0.006484654772954023
2023-01-22 00:00:00 UTC,0.006198043951541546
2023-01-23 00:00:00 UTC,0.006005585939061065
2023-01-24 00:00:00 UTC,0.0064977032379112945
2023-01-25 00:00:00 UTC,0.005975545156241308
2023-01-26 00:00:00 UTC,0.006337322287744411
2023-01-27 00:00:00 UTC,0.0062105273883277645
2023-01-28 00:00:00 UTC,0.006153821721007562
2023-01-29 00:00:00 UTC,0.005645239777045827
2023-01-30 00:00:00 UTC,0.005980433032702532
2023-01-31 00:00:00 UTC,0.005509258190471423
2023-02-01 00:00:00 UTC,0.005506273167859212
2023-02-02 00:00:00 UTC,0.0057990866827744595
2023-02-03 00:00:00 UTC,0.005874196174002581
2023-02-04 00:00:00 UTC,0.005623759679863449
2023-02-05 00:00:00 UTC,0.0057582313537627135
2023-02-06 00:00:00 UTC,0.006609122824080146
2023-02-07 00:00:00 UTC,0.007228819300127369
2023-02-08 00:00:00 UTC,0.007450698554548099
2023-02-09 00:00:00 UTC,0.007193693964040878
2023-02-10 00:00:00 UTC,0.0065595096543213305
2023-02-11 00:00:00 UTC,0.006675147018264637
2023-02-12 00:00:00 UTC,0.006455897668975641
2023-02-13 00:00:00 UTC,0.006576343888437076
2023-02-14 00:00:00 UTC,0.0065250227429848595
2023-02-15 00:00:00 UTC,0.006552014866818966
2023-02-16 00:00:00 UTC,0.007099017287723329
2023-02-17 00:00:00 UTC,0.006921762588672329
2023-02-18 00:00:00 UTC,0.007567230956264857
2023-02-19 00:00:00 UTC,0.00770364557415251
2023-02-20 00:00:00 UTC,0.007794067704009939
2023-02-21 00:00:00 UTC,0.007703389456217215
2023-02-22 00:00:00 UTC,0.00723454540873819
2023-02-23 00:00:00 UTC,0.007037292811320498
2023-02-24 00:00:00 UTC,0.007276515402757696
2023-02-25 00:00:00 UTC,0.007790891506556925
2023-02-26 00:00:00 UTC,0.008397726974006755
2023-02-27 00:00:00 UTC,0.009049758768668951
2023-02-28 00:00:00 UTC,0.010693137869547242
2023-03-01 00:00:00 UTC,0.011410085419353854
2023-03-02 00:00:00 UTC,0.013157928908260117
2023-03-03 00:00:00 UTC,0.01429615307399565
2023-03-04 00:00:00 UTC,0.012363621209357403
2023-03-05 00:00:00 UTC,0.012455713122376736
2023-03-06 00:00:00 UTC,0.012597078786361954
2023-03-07 00:00:00 UTC,0.01394799304877432
2023-03-08 00:00:00 UTC,0.012881264070101888
2023-03-09 00:00:00 UTC,0.011709487381091123
2023-03-10 00:00:00 UTC,0.010524997532078346
2023-03-11 00:00:00 UTC,0.011804881341007066
2023-03-12 00:00:00 UTC,0.01216262345200328
2023-03-13 00:00:00 UTC,0.012122596114499359
2023-03-14 00:00:00 UTC,0.012599825242472303
2023-03-15 00:00:00 UTC,0.013858248380429051
2023-03-16 00:00:00 UTC,0.013142099470278858
2023-03-17 00:00:00 UTC,0.01358764688951162
2023-03-18 00:00:00 UTC,0.014269176532614938
2023-03-19 00:00:00 UTC,0.01411392372271857
2023-03-20 00:00:00 UTC,0.016598661975781068
2023-03-21 00:00:00 UTC,0.017431471426499763
2023-03-22 00:00:00 UTC,0.015908008370828876
2023-03-23 00:00:00 UTC,0.01609686357483624
2023-03-24 00:00:00 UTC,0.01698258629136656
2023-03-25 00:00:00 UTC,0.01689289912325356
2023-03-26 00:00:00 UTC,0.016901815650223063
2023-03-27 00:00:00 UTC,0.01819401912236214
2023-03-28 00:00:00 UTC,0.02211848892173559
2023-03-29 00:00:00 UTC,0.02301688060096009
2023-03-30 00:00:00 UTC,0.028049964777425704
2023-03-31 00:00:00 UTC,0.02932460258073412
2023-04-01 00:00:00 UTC,0.0329762512432822
2023-04-02 00:00:00 UTC,0.03618877083418833
2023-04-03 00:00:00 UTC,0.03976734839991409
2023-04-04 00:00:00 UTC,0.03698874254805913
2023-04-05 00:00:00 UTC,0.0351670676857547
2023-04-06 00:00:00 UTC,0.03086961678788957
2023-04-07 00:00:00 UTC,0.03187945614312591
2023-04-08 00:00:00 UTC,0.030480670750869833
2023-04-09 00:00:00 UTC,0.029552741721891422
2023-04-10 00:00:00 UTC,0.03474782001430696
2023-04-11 00:00:00 UTC,0.03531390160765996
2023-04-12 00:00:00 UTC,0.033000087026933106
2023-04-13 00:00:00 UTC,0.033081896235970125
2023-04-14 00:00:00 UTC,0.03322816889290744
2023-04-15 00:00:00 UTC,0.03606436933624369
2023-04-16 00:00:00 UTC,0.03372156864583048
2023-04-17 00:00:00 UTC,0.02959829536554973
2023-04-18 00:00:00 UTC,0.0275589941115423
2023-04-19 00:00:00 UTC,0.025176223433422084
2023-04-20 00:00:00 UTC,0.023805136901379604
2023-04-21 00:00:00 UTC,0.02618685479389405
2023-04-22 00:00:00 UTC,0.024740225082767988
2023-04-23 00:00:00 UTC,0.024447245451949512
2023-04-24 00:00:00 UTC,0.024243669366486524
2023-04-25 00:00:00 UTC,0.025930163824217128
2023-04-26 00:00:00 UTC,0.026815066598440625
2023-04-27 00:00:00 UTC,0.031319441644478134
2023-04-28 00:00:00 UTC,0.0314526979393395
2023-04-29 00:00:00 UTC,0.031542622487098416
2023-04-30 00:00:00 UTC,0.02838656500308876
2023-05-01 00:00:00 UTC,0.028884294130987042
2023-05-02 00:00:00 UTC,0.026066027853198347
2023-05-03 00:00:00 UTC,0.026364405006599086
2023-05-04 00:00:00 UTC,0.026311938957588474
2023-05-05 00:00:00 UTC,0.027516439484269878
2023-05-06 00:00:00 UTC,0.02702704335681904
2023-05-07 00:00:00 UTC,0.02651465462020217
2023-05-08 00:00:00 UTC,0.02562551598005087
2023-05-09 00:00:00 UTC,0.02283770830191601
2023-05-10 00:00:00 UTC,0.02270133452552005
2023-05-11 00:00:00 UTC,0.02258401411521259
2023-05-12 00:00:00 UTC,0.02067005799315245
2023-05-13 00:00:00 UTC,0.02117112050961436
2023-05-14 00:00:00 UTC,0.020421264110062787
2023-05-15 00:00:00 UTC,0.02240757980871212
2023-05-16 00:00:00 UTC,0.022328813422313847
2023-05-17 00:00:00 UTC,0.020360822066361018
2023-05-18 00:00:00 UTC,0.019809095790305913
2023-05-19 00:00:00 UTC,0.017663208968653515
2023-05-20 00:00:00 UTC,0.017524669614764034
2023-05-21 00:00:00 UTC,0.01711018988473157
2023-05-22 00:00:00 UTC,0.016786346291180934
2023-05-23 00:00:00 UTC,0.014729458632051887
2023-05-24 00:00:00 UTC,0.013435445530117265
2023-05-25 00:00:00 UTC,0.016625371107398906
2023-05-26 00:00:00 UTC,0.016298400416124827
2023-05-27 00:00:00 UTC,0.018420657601776094
2023-05-28 00:00:00 UTC,0.01895336112568391
2023-05-29 00:00:00 UTC,0.018176719629402874
2023-05-30 00:00:00 UTC,0.017412100578753375
2023-05-31 00:00:00 UTC,0.016226732440055333
2023-06-01 00:00:00 UTC,0.015898067656822105
2023-06-02 00:00:00 UTC,0.016064241857170987
2023-06-03 00:00:00 UTC,0.015496947417840568
2023-06-04 00:00:00 UTC,0.016807465047782837
2023-06-05 00:00:00 UTC,0.016395433644812517
2023-06-06 00:00:00 UTC,0.014681021874993894
2023-06-07 00:00:00 UTC,0.01506888716833231
2023-06-08 00:00:00 UTC,0.014997948111049661
2023-06-09 00:00:00 UTC,0.015423895214165826
2023-06-10 00:00:00 UTC,0.016004292066855632
2023-06-11 00:00:00 UTC,0.01567941472598021
2023-06-12 00:00:00 UTC,0.015476390192990944
2023-06-13 00:00:00 UTC,0.016521635048867826
2023-06-14 00:00:00 UTC,0.016741956442311377
2023-06-15 00:00:00 UTC,0.01792159106458154
2023-06-16 00:00:00 UTC,0.022542561955743314
2023-06-17 00:00:00 UTC,0.02074656304424366
2023-06-18 00:00:00 UTC,0.02135338891131925
2023-06-19 00:00:00 UTC,0.020263825054701604
2023-06-20 00:00:00 UTC,0.021645381569061744
2023-06-21 00:00:00 UTC,0.02299009154318845
2023-06-22 00:00:00 UTC,0.023939615652000073
2023-06-23 00:00:00 UTC,0.027184259730286015
2023-06-24 00:00:00 UTC,0.0271095558185932
2023-06-25 00:00:00 UTC,0.02549585004549667
2023-06-26 00:00:00 UTC,0.02575780281771549
2023-06-27 00:00:00 UTC,0.025117977760368
2023-06-28 00:00:00 UTC,0.027553563341845416
2023-06-29 00:00:00 UTC,0.025627991527860862
2023-06-30 00:00:00 UTC,0.025859535010205586
2023-07-01 00:00:00 UTC,0.026256247621041177
2023-07-02 00:00:00 UTC,0.025621867157922452
2023-07-03 00:00:00 UTC,0.024788675985324308
2023-07-04 00:00:00 UTC,0.02449297580546636
2023-07-05 00:00:00 UTC,0.023861290109140263
2023-07-06 00:00:00 UTC,0.022626291567914257
2023-07-07 00:00:00 UTC,0.021324663302870406
2023-07-08 00:00:00 UTC,0.023505651106738655
2023-07-09 00:00:00 UTC,0.025791642420517298
2023-07-10 00:00:00 UTC,0.02546250713551674
2023-07-11 00:00:00 UTC,0.02400758006471291
2023-07-12 00:00:00 UTC,0.024700282460402415
2023-07-13 00:00:00 UTC,0.026289884441263647
2023-07-14 00:00:00 UTC,0.027577215395859108
2023-07-15 00:00:00 UTC,0.02852461942905977
2023-07-16 00:00:00 UTC,0.028310766828446264
2023-07-17 00:00:00 UTC,0.03256936945033146
2023-07-18 00:00:00 UTC,0.033632823292147555
2023-07-19 00:00:00 UTC,0.034501225871066306
2023-07-20 00:00:00 UTC,0.034747131081676014
2023-07-21 00:00:00 UTC,0.034387522038853126
2023-07-22 00:00:00 UTC,0.034898266188494564
2023-07-23 00:00:00 UTC,0.039101341941685054
2023-07-24 00:00:00 UTC,0.04021295760901457
2023-07-25 00:00:00 UTC,0.037280917167314465
2023-07-26 00:00:00 UTC,0.03590447368917331
2023-07-27 00:00:00 UTC,0.03849251224273349
2023-07-28 00:00:00 UTC,0.03735155447170554
2023-07-29 00:00:00 UTC,0.036463144384116464
2023-07-30 00:00:00 UTC,0.035884194461914765
2023-07-31 00:00:00 UTC,0.03701631876439994
2023-08-01 00:00:00 UTC,0.03915940672478527
2023-08-02 00:00:00 UTC,0.04083491840847996
2023-08-03 00:00:00 UTC,0.046499884085509355
2023-08-04 00:00:00 UTC,0.04543386197427887
2023-08-05 00:00:00 UTC,0.04677703354200881
2023-08-06 00:00:00 UTC,0.047260002102118934
2023-08-07 00:00:00 UTC,0.04999001998587367
2023-08-08 00:00:00 UTC,0.04935850858258786
2023-08-09 00:00:00 UTC,0.04636340508577478
2023-08-10 00:00:00 UTC,0.046887966646169385
2023-08-11 00:00:00 UTC,0.04270596797246512
2023-08-12 00:00:00 UTC,0.04667552431596612
2023-08-13 00:00:00 UTC,0.0459712383862435
2023-08-14 00:00:00 UTC,0.04370086250466307
2023-08-15 00:00:00 UTC,0.04143876170509983
2023-08-16 00:00:00 UTC,0.04166714416845533
2023-08-17 00:00:00 UTC,0.038630360920516055
2023-08-18 00:00:00 UTC,0.037167175787933895
2023-08-19 00:00:00 UTC,0.03977455581167891
2023-08-20 00:00:00 UTC,0.04142616070149175
2023-08-21 00:00:00 UTC,0.041630324550353655
2023-08-22 00:00:00 UTC,0.04167854088270694
2023-08-23 00:00:00 UTC,0.040512500895993744
2023-08-24 00:00:00 UTC,0.04039608944532268
2023-08-25 00:00:00 UTC,0.03860879305385694
2023-08-26 00:00:00 UTC,0.0375901493540912
2023-08-27 00:00:00 UTC,0.035662881319608805
2023-08-28 00:00:00 UTC,0.036180598284101376
2023-08-29 00:00:00 UTC,0.03440735026857485
2023-08-30 00:00:00 UTC,0.035354536128010774
2023-08-31 00:00:00 UTC,0.03390181040119567
2023-09-01 00:00:00 UTC,0.03367142596373261
2023-09-02 00:00:00 UTC,0.034498734226487304
2023-09-03 00:00:00 UTC,0.03580004720857867
2023-09-04 00:00:00 UTC,0.03467990478994405
2023-09-05 00:00:00 UTC,0.03333074807610308
2023-09-06 00:00:00 UTC,0.034735888308774936
2023-09-07 00:00:00 UTC,0.03839607330562637
2023-09-08 00:00:00 UTC,0.039127369829992056
2023-09-09 00:00:00 UTC,0.038996313709538044
2023-09-10 00:00:00 UTC,0.039179444158763364
2023-09-11 00:00:00 UTC,0.04036300684348866
2023-09-12 00:00:00 UTC,0.039487416771135514
2023-09-13 00:00:00 UTC,0.04260626286649219
2023-09-14 00:00:00 UTC,0.04946500316289796
2023-09-15 00:00:00 UTC,0.04713642657621277
2023-09-16 00:00:00 UTC,0.0487266518032184
2023-09-17 00:00:00 UTC,0.04799572910017488
2023-09-18 00:00:00 UTC,0.04544245947365847
2023-09-19 00:00:00 UTC,0.048435290077335935
2023-09-20 00:00:00 UTC,0.052364591775629035
2023-09-21 00:00:00 UTC,0.049111743443660705
2023-09-22 00:00:00 UTC,0.04563612010960138
2023-09-23 00:00:00 UTC,0.04674324682424538
2023-09-24 00:00:00 UTC,0.04544817386965838
2023-09-25 00:00:00 UTC,0.0478563976068165
2023-09-26 00:00:00 UTC,0.04709421322516793
2023-09-27 00:00:00 UTC,0.04698551967404606
2023-09-28 00:00:00 UTC,0.046588156495866936
2023-09-29 00:00:00 UTC,0.047413207043571715
2023-09-30 00:00:00 UTC,0.04786953883178979
2023-10-01 00:00:00 UTC,0.04887932260673501
2023-10-02 00:00:00 UTC,0.051534902365426065
2023-10-03 00:00:00 UTC,0.04998947754291375
2023-10-04 00:00:00 UTC,0.0504275684828808
2023-10-05 00:00:00 UTC,0.049093224698248505
2023-10-06 00:00:00 UTC,0.048412263704644326
2023-10-07 00:00:00 UTC,0.0504020518755179
2023-10-08 00:00:00 UTC,0.049255409400017325
2023-10-09 00:00:00 UTC,0.0486025798403111
2023-10-10 00:00:00 UTC,0.04543015551302648
2023-10-11 00:00:00 UTC,0.042199870754340806
2023-10-12 00:00:00 UTC,0.043567396720490606
2023-10-13 00:00:00 UTC,0.043582075797821036
2023-10-14 00:00:00 UTC,0.04195581372693726
2023-10-15 00:00:00 UTC,0.04221881395320487
2023-10-16 00:00:00 UTC,0.042959876246074766
2023-10-17 00:00:00 UTC,0.04499281571941025
2023-10-18 00:00:00 UTC,0.04749259347020843
2023-10-19 00:00:00 UTC,0.0466643256302291
2023-10-20 00:00:00 UTC,0.04581530104253353
2023-10-21 00:00:00 UTC,0.048749645717467587
2023-10-22 00:00:00 UTC,0.04970779034250829
2023-10-23 00:00:00 UTC,0.05004922197374456
2023-10-24 00:00:00 UTC,0.05144815129464645
2023-10-25 00:00:00 UTC,0.05170475023835924
2023-10-26 00:00:00 UTC,0.04933952275149497
2023-10-27 00:00:00 UTC,0.04959577849982886
2023-10-28 00:00:00 UTC,0.050609754365701885
2023-10-29 00:00:00 UTC,0.05098542463289478
2023-10-30 00:00:00 UTC,0.052421716447758816
2023-10-31 00:00:00 UTC,0.05118808039337664
2023-11-01 00:00:00 UTC,0.05024063326109261
2023-11-02 00:00:00 UTC,0.051938144815663355
2023-11-03 00:00:00 UTC,0.050942800174839195
2023-11-04 00:00:00 UTC,0.052054636402632276
2023-11-05 00:00:00 UTC,0.05923883566898716
2023-11-06 00:00:00 UTC,0.06448632116038941
2023-11-07 00:00:00 UTC,0.06444251832513895
2023-11-08 00:00:00 UTC,0.06828735906793175
2023-11-09 00:00:00 UTC,0.07801615808356274
2023-11-10 00:00:00 UTC,0.0912302551543514
2023-11-11 00:00:00 UTC,0.09115500378374075
2023-11-12 00:00:00 UTC,0.08870673752739996
2023-11-13 00:00:00 UTC,0.08737722798829843
2023-11-14 00:00:00 UTC,0.08102938421141342
2023-11-15 00:00:00 UTC,0.08965930599210212
2023-11-16 00:00:00 UTC,0.11638150597736267
2023-11-17 00:00:00 UTC,0.12514746950198735
2023-11-18 00:00:00 UTC,0.137524343453232
2023-11-19 00:00:00 UTC,0.13969494515434794
2023-11-20 00:00:00 UTC,0.14413112151089852
2023-11-21 00:00:00 UTC,0.13026534425391958
2023-11-22 00:00:00 UTC,0.11540602967100282
2023-11-23 00:00:00 UTC,0.12778635486011683
2023-11-24 00:00:00 UTC,0.12582631454464538
2023-11-25 00:00:00 UTC,0.13959882089151565
2023-11-26 00:00:00 UTC,0.13714714026158256
2023-11-27 00:00:00 UTC,0.13016849079998172
2023-11-28 00:00:00 UTC,0.12807471143962765
2023-11-29 00:00:00 UTC,0.13246670143221842
2023-11-30 00:00:00 UTC,0.12851834756170508
2023-12-01 00:00:00 UTC,0.1282332441732892
2023-12-02 00:00:00 UTC,0.13812628580151826
2023-12-03 00:00:00 UTC,0.13717882394707048
2023-12-04 00:00:00 UTC,0.14030423219946395
2023-12-05 00:00:00 UTC,0.145755650784423
2023-12-06 00:00:00 UTC,0.1398979555466008
2023-12-07 00:00:00 UTC,0.1371876696603049
2023-12-08 00:00:00 UTC,0.126812705910541
2023-12-09 00:00:00 UTC,0.13095217996440622
2023-12-10 00:00:00 UTC,0.12814402627438734
2023-12-11 00:00:00 UTC,0.12944084521860522
2023-12-12 00:00:00 UTC,0.11898355898833893
2023-12-13 00:00:00 UTC,0.11892940120092378
2023-12-14 00:00:00 UTC,0.1270292992254519
2023-12-15 00:00:00 UTC,0.12853197545452688
2023-12-16 00:00:00 UTC,0.11738599485770931
2023-12-17 00:00:00 UTC,0.11827171885293214
2023-12-18 00:00:00 UTC,0.10672252658217476
2023-12-19 00:00:00 UTC,0.10865082870323164
2023-12-20 00:00:00 UTC,0.10659054419028133
2023-12-21 00:00:00 UTC,0.11380092880980124
2023-12-22 00:00:00 UTC,0.11281480043555345
2023-12-23 00:00:00 UTC,0.11011263851017428
2023-12-24 00:00:00 UTC,0.11295778464866736
2023-12-25 00:00:00 UTC,0.10509826657786524
2023-12-26 00:00:00 UTC,0.10928960494371616
2023-12-27 00:00:00 UTC,0.10447735308407821
2023-12-28 00:00:00 UTC,0.10600983533069107
2023-12-29 00:00:00 UTC,0.11218546325775346
2023-12-30 00:00:00 UTC,0.11947733768779584
2023-12-31 00:00:00 UTC,0.11760313403402965
2024-01-01 00:00:00 UTC,0.11130819037499352
2024-01-02 00:00:00 UTC,0.11675616613767405
2024-01-03 00:00:00 UTC,0.11639181900627973
2024-01-04 00:00:00 UTC,0.10687362117881302
2024-01-05 00:00:00 UTC,0.11676790812566405
2024-01-06 00:00:00 UTC,0.11048518310567979
2024-01-07 00:00:00 UTC,0.10769749081271
2024-01-08 00:00:00 UTC,0.10617805276505318
2024-01-09 00:00:00 UTC,0.11373936114516248
2024-01-10 00:00:00 UTC,0.11098357785608153
2024-01-11 00:00:00 UTC,0.12035979301885132
2024-01-12 00:00:00 UTC,0.12321159342254216
2024-01-13 00:00:00 UTC,0.11526243796608451
2024-01-14 00:00:00 UTC,0.11432278432549832
2024-01-15 00:00:00 UTC,0.11266643791935824
2024-01-16 00:00:00 UTC,0.1101830864490947
2024-01-17 00:00:00 UTC,0.11253588471201083
2024-01-18 00:00:00 UTC,0.1120161965821101
2024-01-19 00:00:00 UTC,0.10399468207886221
2024-01-20 00:00:00 UTC,0.10633731585189804
2024-01-21 00:00:00 UTC,0.10291258093780208
2024-01-22 00:00:00 UTC,0.1024449590215569
2024-01-23 00:00:00 UTC,0.09802887298415175
2024-01-24 00:00:00 UTC,0.09787337921307988
2024-01-25 00:00:00 UTC,0.1002873098760868
2024-01-26 00:00:00 UTC,0.0985088461486289
2024-01-27 00:00:00 UTC,0.10460889601132846
2024-01-28 00:00:00 UTC,0.1062024196533117
2024-01-29 00:00:00 UTC,0.10426281429761662
2024-01-30 00:00:00 UTC,0.10729349017599464
2024-01-31 00:00:00 UTC,0.10350883017312587
2024-02-01 00:00:00 UTC,0.09903283891587461
2024-02-02 00:00:00 UTC,0.10115170634572276
2024-02-03 00:00:00 UTC,0.10224262588517408
2024-02-04 00:00:00 UTC,0.10181409653206011
2024-02-05 00:00:00 UTC,0.10089557860382735
2024-02-06 00:00:00 UTC,0.09985436779274122
2024-02-07 00:00:00 UTC,0.10442841517898073
2024-02-08 00:00:00 UTC,0.11691522753152145
2024-02-09 00:00:00 UTC,0.12526683257720528
2024-02-10 00:00:00 UTC,0.1369094080164664
2024-02-11 00:00:00 UTC,0.1389898290248943
2024-02-12 00:00:00 UTC,0.14162417408508912
2024-02-13 00:00:00 UTC,0.14426530858003062
2024-02-14 00:00:00 UTC,0.137511229836408
2024-02-15 00:00:00 UTC,0.14188668841578872
2024-02-16 00:00:00 UTC,0.13942202026069664
2024-02-17 00:00:00 UTC,0.14768613407269485
2024-02-18 00:00:00 UTC,0.16377154118206863
2024-02-19 00:00:00 UTC,0.16318429409410756
2024-02-20 00:00:00 UTC,0.18317071862752748
2024-02-21 00:00:00 UTC,0.17977657726594418
2024-02-22 00:00:00 UTC,0.172491221661142
2024-02-23 00:00:00 UTC,0.1681703042613692
2024-02-24 00:00:00 UTC,0.16181830931527288
2024-02-25 00:00:00 UTC,0.16951944849298697
2024-02-26 00:00:00 UTC,0.17075514270658987
2024-02-27 00:00:00 UTC,0.17056598424583683
2024-02-28 00:00:00 UTC,0.1688522820967283
2024-02-29 00:00:00 UTC,0.1757436906657861
2024-03-01 00:00:00 UTC,0.17119133618435137
2024-03-02 00:00:00 UTC,0.17347188345016118
2024-03-03 00:00:00 UTC,0.1706037356895661
2024-03-04 00:00:00 UTC,0.16707350021331746
2024-03-05 00:00:00 UTC,0.16194099429368222
2024-03-06 00:00:00 UTC,0.15308413219685604
2024-03-07 00:00:00 UTC,0.14968807462177391
2024-03-08 00:00:00 UTC,0.16075630581377526
2024-03-09 00:00:00 UTC,0.1501416409727578
2024-03-10 00:00:00 UTC,0.1482670391541512
2024-03-11 00:00:00 UTC,0.14780807162635148
2024-03-12 00:00:00 UTC,0.15450654912981487
2024-03-13 00:00:00 UTC,0.14936113453576907
2024-03-14 00:00:00 UTC,0.14799336745253822
2024-03-15 00:00:00 UTC,0.14621835649555176
2024-03-16 00:00:00 UTC,0.13971411820550755
2024-03-17 00:00:00 UTC,0.12896875119791268
2024-03-18 00:00:00 UTC,0.13945294748857973
2024-03-19 00:00:00 UTC,0.13220936192993277
2024-03-20 00:00:00 UTC,0.11890441781351073
2024-03-21 00:00:00 UTC,0.13351949190400486
2024-03-22 00:00:00 UTC,0.14736019579534954
2024-03-23 00:00:00 UTC,0.14588749052779929
2024-03-24 00:00:00 UTC,0.1387486554515057
2024-03-25 00:00:00 UTC,0.14781323773759533
2024-03-26 00:00:00 UTC,0.14564605889574878
2024-03-27 00:00:00 UTC,0.13761459209990093
2024-03-28 00:00:00 UTC,0.1328709306056525
2024-03-29 00:00:00 UTC,0.13946089271061446
2024-03-30 00:00:00 UTC,0.1378424415580779
2024-03-31 00:00:00 UTC,0.13265459671158936
2024-04-01 00:00:00 UTC,0.1392992167789637
2024-04-02 00:00:00 UTC,0.13379656827417194
2024-04-03 00:00:00 UTC,0.12779948356810877
2024-04-04 00:00:00 UTC,0.127863676832872
2024-04-05 00:00:00 UTC,0.1301372545730903
2024-04-06 00:00:00 UTC,0.130485690727463
2024-04-07 00:00:00 UTC,0.14151801562159583
2024-04-08 00:00:00 UTC,0.1403955746896702
2024-04-09 00:00:00 UTC,0.1438900896375806
2024-04-10 00:00:00 UTC,0.13588965644121667
2024-04-11 00:00:00 UTC,0.14249501828520572
2024-04-12 00:00:00 UTC,0.14563062064519933
2024-04-13 00:00:00 UTC,0.12845924888660892
2024-04-14 00:00:00 UTC,0.11887032978717971
2024-04-15 00:00:00 UTC,0.12297316644401915
2024-04-16 00:00:00 UTC,0.12097188932922956
2024-04-17 00:00:00 UTC,0.1178259470894388
2024-04-18 00:00:00 UTC,0.11897745038834648
2024-04-19 00:00:00 UTC,0.11882875875946641
2024-04-20 00:00:00 UTC,0.11371450325678939
2024-04-21 00:00:00 UTC,0.1194075315302068
2024-04-22 00:00:00 UTC,0.11712246994262182
2024-04-23 00:00:00 UTC,0.12716057160022706
2024-04-24 00:00:00 UTC,0.12939854209037047
2024-04-25 00:00:00 UTC,0.12330626471363998
2024-04-26 00:00:00 UTC,0.11894294307088249
2024-04-27 00:00:00 UTC,0.11891091469222628
2024-04-28 00:00:00 UTC,0.10917915738803895
2024-04-29 00:00:00 UTC,0.11633089414625102
2024-04-30 00:00:00 UTC,0.11331491493173629
2024-05-01 00:00:00 UTC,0.11033907485982754
2024-05-02 00:00:00 UTC,0.10881066093441906
2024-05-03 00:00:00 UTC,0.10703949653377805
2024-05-04 00:00:00 UTC,0.11221868898799463
2024-05-05 00:00:00 UTC,0.11078103297376003
2024-05-06 00:00:00 UTC,0.10792024713670144
2024-05-07 00:00:00 UTC,0.1102698712005963
2024-05-08 00:00:00 UTC,0.11238475702360831
2024-05-09 00:00:00 UTC,0.11868421047037561
2024-05-10 00:00:00 UTC,0.1240651396354653
2024-05-11 00:00:00 UTC,0.12386732118215292
2024-05-12 00:00:00 UTC,0.121781287672799
2024-05-13 00:00:00 UTC,0.12228351633615973
2024-05-14 00:00:00 UTC,0.11708878492694326
2024-05-15 00:00:00 UTC,0.11298959547166264
2024-05-16 00:00:00 UTC,0.12193970050196237
2024-05-17 00:00:00 UTC,0.12020001616638692
2024-05-18 00:00:00 UTC,0.12217294781801234
2024-05-19 00:00:00 UTC,0.1240272788442243
2024-05-20 00:00:00 UTC,0.12218581538477873
2024-05-21 00:00:00 UTC,0.12902227953016124
2024-05-22 00:00:00 UTC,0.13339032439979562
2024-05-23 00:00:00 UTC,0.13683609444744693
2024-05-24 00:00:00 UTC,0.13408601508679335
2024-05-25 00:00:00 UTC,0.13219113167922142
2024-05-26 00:00:00 UTC,0.14080858188977288
2024-05-27 00:00:00 UTC,0.13900461459008623
2024-05-28 00:00:00 UTC,0.1431835180585632
2024-05-29 00:00:00 UTC,0.1392935751595362
2024-05-30 00:00:00 UTC,0.13729876971917668
2024-05-31 00:00:00 UTC,0.13863478940461585
2024-06-01 00:00:00 UTC,0.13745891360168164
2024-06-02 00:00:00 UTC,0.13760386526271345
2024-06-03 00:00:00 UTC,0.1475713074400828
2024-06-04 00:00:00 UTC,0.16910536918618926
2024-06-05 00:00:00 UTC,0.18034804132376192
2024-06-06 00:00:00 UTC,0.1781957840264373
2024-06-07 00:00:00 UTC,0.1715610311498736
2024-06-08 00:00:00 UTC,0.16296463744547288
2024-06-09 00:00:00 UTC,0.15649125215058493
2024-06-10 00:00:00 UTC,0.16880167287823755
2024-06-11 00:00:00 UTC,0.16185417222643886
2024-06-12 00:00:00 UTC,0.1637079197170015
2024-06-13 00:00:00 UTC,0.1703487901714908
2024-06-14 00:00:00 UTC,0.16655884796779452
2024-06-15 00:00:00 UTC,0.16278897463224565
2024-06-16 00:00:00 UTC,0.15337537581267535
2024-06-17 00:00:00 UTC,0.15958435417198738
2024-06-18 00:00:00 UTC,0.15274018974276404
2024-06-19 00:00:00 UTC,0.14344131882391337
2024-06-20 00:00:00 UTC,0.14366403255842808
2024-06-21 00:00:00 UTC,0.14604871827697613
2024-06-22 00:00:00 UTC,0.14524873097035765
2024-06-23 00:00:00 UTC,0.15300005607703385
2024-06-24 00:00:00 UTC,0.15213342020355164
2024-06-25 00:00:00 UTC,0.15444262081593296
2024-06-26 00:00:00 UTC,0.16210290693412094
2024-06-27 00:00:00 UTC,0.17659096475653305
2024-06-28 00:00:00 UTC,0.1817737360504312
2024-06-29 00:00:00 UTC,0.17850510632607453
2024-06-30 00:00:00 UTC,0.19082672028913109
2024-07-01 00:00:00 UTC,0.19095719242387338
2024-07-02 00:00:00 UTC,0.17903668212971371
2024-07-03 00:00:00 UTC,0.17725366945730883
2024-07-04 00:00:00 UTC,0.1736871605837673
2024-07-05 00:00:00 UTC,0.16627936092168044
2024-07-06 00:00:00 UTC,0.162434470533167
2024-07-07 00:00:00 UTC,0.16884921372392225
2024-07-08 00:00:00 UTC,0.1591980665656141
2024-07-09 00:00:00 UTC,0.1670522136950028
2024-07-10 00:00:00 UTC,0.17080442773092264
2024-07-11 00:00:00 UTC,0.1697812068771675
2024-07-12 00:00:00 UTC,0.1663150546954327
2024-07-13 00:00:00 UTC,0.1687822330030798
2024-07-14 00:00:00 UTC,0.1675382939743871
2024-07-15 00:00:00 UTC,0.17121349007350056
2024-07-16 00:00:00 UTC,0.18255035670189548
2024-07-17 00:00:00 UTC,0.1802885266771843
2024-07-18 00:00:00 UTC,0.17625123358245007
2024-07-19 00:00:00 UTC,0.17830668874036265
2024-07-20 00:00:00 UTC,0.1809408813152587
2024-07-21 00:00:00 UTC,0.181118321347378
2024-07-22 00:00:00 UTC,0.17944242687077702
2024-07-23 00:00:00 UTC,0.17543024953874908
2024-07-24 00:00:00 UTC,0.17938748318309786
2024-07-25 00:00:00 UTC,0.17779824554262333
2024-07-26 00:00:00 UTC,0.1762109127318855
2024-07-27 00:00:00 UTC,0.18165844744318452
2024-07-28 00:00:00 UTC,0.18922629020106774
2024-07-29 00:00:00 UTC,0.18812309846034675
2024-07-30 00:00:00 UTC,0.19389395877427465
2024-07-31 00:00:00 UTC,0.19597306019604097
2024-08-01 00:00:00 UTC,0.2052753662059225
2024-08-02 00:00:00 UTC,0.20216576150124344
2024-08-03 00:00:00 UTC,0.18632960984648034
2024-08-04 00:00:00 UTC,0.17904737080653454
2024-08-05 00:00:00 UTC,0.16729287288921746
2024-08-06 00:00:00 UTC,0.15436717320366955
2024-08-07 00:00:00 UTC,0.1604501187480861
2024-08-08 00:00:00 UTC,0.15239031755562993
2024-08-09 00:00:00 UTC,0.17103895436239522
2024-08-10 00:00:00 UTC,0.16736186161545177
2024-08-11 00:00:00 UTC,0.16647625845065728
2024-08-12 00:00:00 UTC,0.1591507467550021
2024-08-13 00:00:00 UTC,0.162423513482321
2024-08-14 00:00:00 UTC,0.16943543166447128
2024-08-15 00:00:00 UTC,0.16640383306523598
2024-08-16 00:00:00 UTC,0.16533170414526802
2024-08-17 00:00:00 UTC,0.16734731880026937
2024-08-18 00:00:00 UTC,0.1649390199161738
2024-08-19 00:00:00 UTC,0.16216181239348004
2024-08-20 00:00:00 UTC,0.16674605469930495
2024-08-21 00:00:00 UTC,0.16102056829178327
2024-08-22 00:00:00 UTC,0.15949775872452054
2024-08-23 00:00:00 UTC,0.15959658412951674
2024-08-24 00:00:00 UTC,0.16742364827401893
2024-08-25 00:00:00 UTC,0.17332146933899126
2024-08-26 00:00:00 UTC,0.1703447837906556
2024-08-27 00:00:00 UTC,0.16765266639274998
2024-08-28 00:00:00 UTC,0.1614734081544518
2024-08-29 00:00:00 UTC,0.16263195335443079
2024-08-30 00:00:00 UTC,0.16499236819594376
2024-08-31 00:00:00 UTC,0.1659422007122336
2024-09-01 00:00:00 UTC,0.16325663574279906
2024-09-02 00:00:00 UTC,0.1581764921445532
2024-09-03 00:00:00 UTC,0.1615512044188586
2024-09-04 00:00:00 UTC,0.15500513168172544
2024-09-05 00:00:00 UTC,0.15551069841447898
2024-09-06 00:00:00 UTC,0.1465654718924114
2024-09-07 00:00:00 UTC,0.14523819832923926
2024-09-08 00:00:00 UTC,0.1477259110365085
2024-09-09 00:00:00 UTC,0.15025862908897844
2024-09-10 00:00:00 UTC,0.1600366903315552
2024-09-11 00:00:00 UTC,0.16578635664869326
2024-09-12 00:00:00 UTC,0.16692342844862063
2024-09-13 00:00:00 UTC,0.16706671374030965
2024-09-14 00:00:00 UTC,0.171475909058273
2024-09-15 00:00:00 UTC,0.17739639261538795
2024-09-16 00:00:00 UTC,0.17031633210788294
2024-09-17 00:00:00 UTC,0.16732174128103908
2024-09-18 00:00:00 UTC,0.17074889985754596
2024-09-19 00:00:00 UTC,0.17326326364093642
2024-09-20 00:00:00 UTC,0.17096337223598354
2024-09-21 00:00:00 UTC,0.16996413103400723
2024-09-22 00:00:00 UTC,0.1709545771821644
2024-09-23 00:00:00 UTC,0.16435600007694295
2024-09-24 00:00:00 UTC,0.16424840585085226
2024-09-25 00:00:00 UTC,0.16494347093300116
2024-09-26 00:00:00 UTC,0.1612637324185032
2024-09-27 00:00:00 UTC,0.16383597991747065
2024-09-28 00:00:00 UTC,0.17153094665930063
2024-09-29 00:00:00 UTC,0.16712044349936298
2024-09-30 00:00:00 UTC,0.16315296114047678
2024-10-01 00:00:00 UTC,0.15862726633087593
2024-10-02 00:00:00 UTC,0.14894639386710556
2024-10-03 00:00:00 UTC,0.1433079564617844
2024-10-04 00:00:00 UTC,0.14648218944958588
2024-10-05 00:00:00 UTC,0.14822867091031516
2024-10-06 00:00:00 UTC,0.14786392162125833
2024-10-07 00:00:00 UTC,0.14223308807400722
2024-10-08 00:00:00 UTC,0.13605488308380825
2024-10-09 00:00:00 UTC,0.14018469843802714
2024-10-10 00:00:00 UTC,0.13264669456813843
2024-10-11 00:00:00 UTC,0.13227218123612786
2024-10-12 00:00:00 UTC,0.13705520640251717
2024-10-13 00:00:00 UTC,0.1326522433822143
2024-10-14 00:00:00 UTC,0.13282320760846528
2024-10-15 00:00:00 UTC,0.13780869659281392
2024-10-16 00:00:00 UTC,0.13460852381532346
2024-10-17 00:00:00 UTC,0.13121184321393395
2024-10-18 00:00:00 UTC,0.12601686787132463
2024-10-19 00:00:00 UTC,0.13064646988647205
2024-10-20 00:00:00 UTC,0.12932566623160924
2024-10-21 00:00:00 UTC,0.1329837613335494
2024-10-22 00:00:00 UTC,0.12981231899758672
2024-10-23 00:00:00 UTC,0.13613893873929567
2024-10-24 00:00:00 UTC,0.13120976067321283
2024-10-25 00:00:00 UTC,0.12937513264205538
2024-10-26 00:00:00 UTC,0.11326885546207761
2024-10-27 00:00:00 UTC,0.11791089441438644
2024-10-28 00:00:00 UTC,0.12110606385942932
2024-10-29 00:00:00 UTC,0.11902123141480851
2024-10-30 00:00:00 UTC,0.11267038889943494
2024-10-31 00:00:00 UTC,0.11241622978533317
2024-11-01 00:00:00 UTC,0.11411698793818946
2024-11-02 00:00:00 UTC,0.11652284560348643
2024-11-03 00:00:00 UTC,0.11273537392197232
2024-11-04 00:00:00 UTC,0.10838284680764881
2024-11-05 00:00:00 UTC,0.10369643495978104
2024-11-06 00:00:00 UTC,0.11104057730009952
2024-11-07 00:00:00 UTC,0.12029104543643461
2024-11-08 00:00:00 UTC,0.11452161663760682
2024-11-09 00:00:00 UTC,0.11185217453370516
2024-11-10 00:00:00 UTC,0.13450951291963437
2024-11-11 00:00:00 UTC,0.15153799111694044
2024-11-12 00:00:00 UTC,0.15274525547534343
2024-11-13 00:00:00 UTC,0.13933720325992355
2024-11-14 00:00:00 UTC,0.1277638260370548
2024-11-15 00:00:00 UTC,0.14053875287478848
2024-11-16 00:00:00 UTC,0.139409407139452
2024-11-17 00:00:00 UTC,0.14598513171477587
2024-11-18 00:00:00 UTC,0.15029008835851076
2024-11-19 00:00:00 UTC,0.17075233093272751
2024-11-20 00:00:00 UTC,0.15899605519929702
2024-11-21 00:00:00 UTC,0.15189580405834532
2024-11-22 00:00:00 UTC,0.15348184629733472
2024-11-23 00:00:00 UTC,0.1534701034773022
2024-11-24 00:00:00 UTC,0.1536622929233257
2024-11-25 00:00:00 UTC,0.15293446128181762
2024-11-26 00:00:00 UTC,0.14971267386307535
2024-11-27 00:00:00 UTC,0.14889618848972938
2024-11-28 00:00:00 UTC,0.15342501278982587
2024-11-29 00:00:00 UTC,0.1520195296377601
2024-11-30 00:00:00 UTC,0.15432566569956008
2024-12-01 00:00:00 UTC,0.16119996379705218
2024-12-02 00:00:00 UTC,0.16891036457467506
2024-12-03 00:00:00 UTC,0.1582536537268728
2024-12-04 00:00:00 UTC,0.15924651087127742
2024-12-05 00:00:00 UTC,0.15897565073501269
2024-12-06 00:00:00 UTC,0.15918333841749222
2024-12-07 00:00:00 UTC,0.17472605070095382
2024-12-08 00:00:00 UTC,0.18483735119724018
2024-12-09 00:00:00 UTC,0.18855046998933372
2024-12-10 00:00:00 UTC,0.16457320200464137
2024-12-11 00:00:00 UTC,0.1575885815523179
2024-12-12 00:00:00 UTC,0.16442856045077733
2024-12-13 00:00:00 UTC,0.16290607938918888
2024-12-14 00:00:00 UTC,0.16171039465293047
2024-12-15 00:00:00 UTC,0.15671426546439374
2024-12-16 00:00:00 UTC,0.1568848378497651
2024-12-17 00:00:00 UTC,0.14833539392994938
2024-12-18 00:00:00 UTC,0.13928962840259546
2024-12-19 00:00:00 UTC,0.12736371274179822
2024-12-20 00:00:00 UTC,0.12134866668485889
2024-12-21 00:00:00 UTC,0.12319277627555444
2024-12-22 00:00:00 UTC,0.1190199157017981
2024-12-23 00:00:00 UTC,0.11664795278948856
2024-12-24 00:00:00 UTC,0.12156530011519143
2024-12-25 00:00:00 UTC,0.11816056626632555
2024-12-26 00:00:00 UTC,0.11977020861203262
2024-12-27 00:00:00 UTC,0.11173533165844832
2024-12-28 00:00:00 UTC,0.11753891009868528
2024-12-29 00:00:00 UTC,0.12095558393173488
2024-12-30 00:00:00 UTC,0.11559742921524468
2024-12-31 00:00:00 UTC,0.11560513132953683
2025-01-01 00:00:00 UTC,0.11511615883824383
2025-01-02 00:00:00 UTC,0.1169170624936293
2025-01-03 00:00:00 UTC,0.12261879465331352
2025-01-04 00:00:00 UTC,0.12870912322327832
2025-01-05 00:00:00 UTC,0.12643859879165972
2025-01-06 00:00:00 UTC,0.12430877025462954
2025-01-07 00:00:00 UTC,0.12389230476098399
2025-01-08 00:00:00 UTC,0.11406838515757596
2025-01-09 00:00:00 UTC,0.11716374973185013
2025-01-10 00:00:00 UTC,0.11340478179939029
2025-01-11 00:00:00 UTC,0.11467501484692301
2025-01-12 00:00:00 UTC,0.11611386286895387
2025-01-13 00:00:00 UTC,0.11661648889820059
2025-01-14 00:00:00 UTC,0.11718416595703217
2025-01-15 00:00:00 UTC,0.13737432527398769
2025-01-16 00:00:00 UTC,0.13803504017445242
2025-01-17 00:00:00 UTC,0.1455323647425729
2025-01-18 00:00:00 UTC,0.154151467076611
2025-01-19 00:00:00 UTC,0.14086181316523855
2025-01-20 00:00:00 UTC,0.12397820097241527
2025-01-21 00:00:00 UTC,0.12684607763014083
2025-01-22 00:00:00 UTC,0.136416587583337
2025-01-23 00:00:00 UTC,0.1304064663067876
2025-01-24 00:00:00 UTC,0.13020794967759283
2025-01-25 00:00:00 UTC,0.1313659166177717
2025-01-26 00:00:00 UTC,0.13176624547162083
2025-01-27 00:00:00 UTC,0.12831056665360446
2025-01-28 00:00:00 UTC,0.12791527910977904
2025-01-29 00:00:00 UTC,0.121386739298368
2025-01-30 00:00:00 UTC,0.12296676443275018
2025-01-31 00:00:00 UTC,0.13127217440628997
2025-02-01 00:00:00 UTC,0.12964105903717016
2025-02-02 00:00:00 UTC,0.12253455191908053
2025-02-03 00:00:00 UTC,0.11513553826834572
2025-02-04 00:00:00 UTC,0.11034121618772265
2025-02-05 00:00:00 UTC,0.0993941742284039
2025-02-06 00:00:00 UTC,0.09237597597586451
2025-02-07 00:00:00 UTC,0.08282236859265651
2025-02-08 00:00:00 UTC,0.08739572070763162
2025-02-09 00:00:00 UTC,0.088463394292174
2025-02-10 00:00:00 UTC,0.0866572777963751
2025-02-11 00:00:00 UTC,0.09284559323858722
2025-02-12 00:00:00 UTC,0.0958774814438047
2025-02-13 00:00:00 UTC,0.09787764016503119
2025-02-14 00:00:00 UTC,0.10234599112796619
2025-02-15 00:00:00 UTC,0.10677259259075947
2025-02-16 00:00:00 UTC,0.10718043326146953
2025-02-17 00:00:00 UTC,0.10831713066337989
2025-02-18 00:00:00 UTC,0.10467677758541102
2025-02-19 00:00:00 UTC,0.10210321870242112
2025-02-20 00:00:00 UTC,0.10636225216827343
2025-02-21 00:00:00 UTC,0.10632220974180139
2025-02-22 00:00:00 UTC,0.09924779996944695
2025-02-23 00:00:00 UTC,0.1009318482649672
2025-02-24 00:00:00 UTC,0.09897728030506373
2025-02-25 00:00:00 UTC,0.09030442013771432
2025-02-26 00:00:00 UTC,0.09221625205384863
2025-02-27 00:00:00 UTC,0.08536411009560814
2025-02-28 00:00:00 UTC,0.08403389336995908
2025-03-01 00:00:00 UTC,0.07868275950541977
2025-03-02 00:00:00 UTC,0.07938511721277264
2025-03-03 00:00:00 UTC,0.08969871491841792
2025-03-04 00:00:00 UTC,0.07848045406653849
2025-03-05 00:00:00 UTC,0.07567811918135374
2025-03-06 00:00:00 UTC,0.07503665687985211
2025-03-07 00:00:00 UTC,0.0758657559136953
2025-03-08 00:00:00 UTC,0.07007969968566694
2025-03-09 00:00:00 UTC,0.0698148282135586
2025-03-10 00:00:00 UTC,0.06061341204263246
2025-03-11 00:00:00 UTC,0.05876162619126414
2025-03-12 00:00:00 UTC,0.06980923025634415
2025-03-13 00:00:00 UTC,0.07137150298295729
2025-03-14 00:00:00 UTC,0.07077529807837497
2025-03-15 00:00:00 UTC,0.07812968443141599
2025-03-16 00:00:00 UTC,0.08056795534330691
2025-03-17 00:00:00 UTC,0.07363181070495883
2025-03-18 00:00:00 UTC,0.07565528121046333
2025-03-19 00:00:00 UTC,0.07779846878795403
2025-03-20 00:00:00 UTC,0.08283918529858987
2025-03-21 00:00:00 UTC,0.07787797335949538
2025-03-22 00:00:00 UTC,0.07731522392807179
2025-03-23 00:00:00 UTC,0.07962194835583548
2025-03-24 00:00:00 UTC,0.08009198781454525
2025-03-25 00:00:00 UTC,0.07837058131216669
2025-03-26 00:00:00 UTC,0.07751541976832048
2025-03-27 00:00:00 UTC,0.0756877925852127
2025-03-28 00:00:00 UTC,0.07546422535162478
2025-03-29 00:00:00 UTC,0.06981551426372756
2025-03-30 00:00:00 UTC,0.06456996677274401
2025-03-31 00:00:00 UTC,0.06438905865732124
2025-04-01 00:00:00 UTC,0.0645721273926173
2025-04-02 00:00:00 UTC,0.06856354520647874
2025-04-03 00:00:00 UTC,0.06320031688914088
2025-04-04 00:00:00 UTC,0.06501223763585605
2025-04-05 00:00:00 UTC,0.0650281764612647
2025-04-06 00:00:00 UTC,0.06415460652675097
2025-04-07 00:00:00 UTC,0.05808861922811213
2025-04-08 00:00:00 UTC,0.06194891255857936
2025-04-09 00:00:00 UTC,0.060172981532152704
2025-04-10 00:00:00 UTC,0.06784331286994692
2025-04-11 00:00:00 UTC,0.06898861984352313
2025-04-12 00:00:00 UTC,0.07550386217575221
2025-04-13 00:00:00 UTC,0.07734228485965416
2025-04-14 00:00:00 UTC,0.07279212611433213
2025-04-15 00:00:00 UTC,0.07848148145938619
2025-04-16 00:00:00 UTC,0.07449856381338656
2025-04-17 00:00:00 UTC,0.07527089074591617
2025-04-18 00:00:00 UTC,0.0764185763611517
2025-04-19 00:00:00 UTC,0.0765422482849369
2025-04-20 00:00:00 UTC,0.0785470405583022
2025-04-21 00:00:00 UTC,0.07794207763142107
2025-04-22 00:00:00 UTC,0.08463682548667735
2025-04-23 00:00:00 UTC,0.09838156440855127
2025-04-24 00:00:00 UTC,0.09518873612767738
2025-04-25 00:00:00 UTC,0.09793411210571772
2025-04-26 00:00:00 UTC,0.10358426063369851
2025-04-27 00:00:00 UTC,0.10062891364515797
2025-04-28 00:00:00 UTC,0.09650941869731347
2025-04-29 00:00:00 UTC,0.09591466899195489
2025-04-30 00:00:00 UTC,0.08763677232350384
2025-05-01 00:00:00 UTC,0.0897865075570669
2025-05-02 00:00:00 UTC,0.09403924405469322
2025-05-03 00:00:00 UTC,0.10182085830918718
2025-05-04 00:00:00 UTC,0.09500157044513527
2025-05-05 00:00:00 UTC,0.09074632371071663
2025-05-06 00:00:00 UTC,0.09555362635172658
2025-05-07 00:00:00 UTC,0.09057383626436723
2025-05-08 00:00:00 UTC,0.09201915899476827
2025-05-09 00:00:00 UTC,0.09913080972165049
2025-05-10 00:00:00 UTC,0.10462090369067621
2025-05-11 00:00:00 UTC,0.11001210761697967
2025-05-12 00:00:00 UTC,0.11685805627747048
2025-05-13 00:00:00 UTC,0.11684228736295092
2025-05-14 00:00:00 UTC,0.12519594077179755
2025-05-15 00:00:00 UTC,0.12088282802357536
2025-05-16 00:00:00 UTC,0.11708509427807057
2025-05-17 00:00:00 UTC,0.11867803897185987
2025-05-18 00:00:00 UTC,0.10916042821825137
2025-05-19 00:00:00 UTC,0.11111774120720562
2025-05-20 00:00:00 UTC,0.10755748576645928
2025-05-21 00:00:00 UTC,0.11067200643820972
2025-05-22 00:00:00 UTC,0.11345289868766353
2025-05-23 00:00:00 UTC,0.107761
2025-05-24 00:00:00 UTC,0.107856
2025-05-25 00:00:08 UTC,0.106799
2025-05-26 00:00:09 UTC,0.104802
2025-05-27 00:00:08 UTC,0.106772
2025-05-28 00:00:09 UTC,0.101947
2025-05-29 00:00:08 UTC,0.096961
2025-05-30 00:00:10 UTC,0.086713
2025-05-31 00:00:08 UTC,0.083594
2025-06-01 00:00:08 UTC,0.088603
2025-06-02 00:00:09 UTC,0.089706
2025-06-03 00:00:09 UTC,0.087734
2025-06-04 00:00:08 UTC,0.083221
2025-06-05 00:00:08 UTC,0.081403
2025-06-06 00:00:09 UTC,0.084951
2025-06-07 00:00:08 UTC,0.088314
2025-06-08 00:00:08 UTC,0.086551
2025-06-09 00:00:13 UTC,0.090005
2025-06-10 00:00:08 UTC,0.090748
2025-06-11 00:00:09 UTC,0.086394
2025-06-12 00:00:08 UTC,0.082906
2025-06-13 00:00:09 UTC,0.078372
2025-06-14 00:00:08 UTC,0.073186
2025-06-15 00:00:08 UTC,0.07349
2025-06-16 00:00:08 UTC,0.076643
2025-06-17 00:00:09 UTC,0.071348
2025-06-18 00:00:08 UTC,0.072306
2025-06-19 00:00:09 UTC,0.069644
2025-06-20 00:00:08 UTC,0.068646
2025-06-21 00:00:10 UTC,0.065135
2025-06-22 00:00:08 UTC,0.064224
2025-06-23 00:00:09 UTC,0.073823
2025-06-24 00:00:08 UTC,0.073915
2025-06-25 00:00:08 UTC,0.076991
2025-06-26 00:00:10 UTC,0.078829